﻿<?xml version="1.0" standalone="yes"?>
<mi:PackageInstaller xmlns:mi="http://www.composite.net/ns/management/packageinstaller/1.0">
  <mi:PackageRequirements minimumCompositeVersion="3.0.4331.234"
                          maximumCompositeVersion="3.9999.9999.9999" />
  <mi:PackageInformation name="Contribution.CompositeC1Contrib.Renderings.MasterPage" groupName="Contribution" version="1.3.0" author="@burningice" website="http://compositec1contrib.codeplex.com" readMoreUrl="http://docs.composite.net/Packages/Contribution/Master-Pages" id="f7df8729-9f22-43b5-ba35-c67abb5449cf" canBeUninstalled="true" systemLocking="hard" flushOnCompletion="false">
    <Description>Enables masterpages to be used for rendering side-by-side with the default Xml based templates.</Description>
    <TechnicalDetails>
      Enables masterpages to be used for rendering side-by-side with the default Xml based templates.</TechnicalDetails>
  </mi:PackageInformation>

  <mi:PackageFragmentInstallers>
    <mi:Add installerType="Composite.Core.PackageSystem.PackageFragmentInstallers.FilePackageFragmentInstaller, Composite" uninstallerType="Composite.Core.PackageSystem.PackageFragmentInstallers.FilePackageFragmentUninstaller, Composite">
      <Files>
        <File sourceFilename="~\Bin\CompositeC1Contrib.Core.dll" targetFilename="~\Bin\CompositeC1Contrib.Core.dll" allowOverwrite="true" />
        <File sourceFilename="~\Bin\CompositeC1Contrib.Rendering.MasterPage.dll" targetFilename="~\Bin\CompositeC1Contrib.Rendering.MasterPage.dll" allowOverwrite="true" />
      </Files>
    </mi:Add>

    <mi:Add installerType="Composite.Core.PackageSystem.PackageFragmentInstallers.FileXslTransformationPackageFragmentInstaller, Composite" uninstallerType="Composite.Core.PackageSystem.PackageFragmentInstallers.FileXslTransformationPackageFragmentUninstaller, Composite" Ordering="10">
      <XslFiles>
        <XslFile pathXml="~\Web.config" installXsl="~\Config\install.xsl" uninstallXsl="~\Config\uninstall.xsl" />
      </XslFiles>
    </mi:Add>
  </mi:PackageFragmentInstallers>
</mi:PackageInstaller>